{
  "dataset_name": "Real CAPTCHAs",
  "total_samples": 100,
  "gap_detection_rate": 100.0,
  "slider_detection_rate": 100.0,
  "gap_mean_mae": 10.113580994307995,
  "gap_std_mae": 31.902237231691817,
  "gap_median_mae": 1.22891303896904,
  "gap_success_rate_5px": 90.0,
  "gap_success_rate_7px": 92.0,
  "slider_mean_mae": 2.2272792766988276,
  "slider_std_mae": 2.8721675412498304,
  "slider_median_mae": 1.3067901134490967,
  "slider_success_rate_5px": 89.0,
  "slider_success_rate_7px": 95.0,
  "both_success_rate_5px": 77.0,
  "both_success_rate_7px": 85.0,
  "evaluation_time": "2025-07-28 00:56:27"
}