{
  "model_version": "1.1.0",
  "timestamp": "2025-08-17T20:09:12.106580",
  "real_captchas": {
    "total_evaluated": 100,
    "metrics": {
      "mae": 45.23733948230743,
      "median_error": 10.01534128189087,
      "max_error": 204.5126028060913,
      "hit_le_2px": 21.0,
      "hit_le_3px": 30.0,
      "hit_le_5px": 43.0,
      "hit_le_10px": 50.0,
      "avg_processing_time_ms": 15.491878986358643,
      "success_rate": 100.0
    }
  },
  "test_dataset": {
    "total_evaluated": 1000,
    "metrics": {
      "mae": 0.7473879534006119,
      "median_error": 0.5348228514194489,
      "max_error": 4.508404493331909,
      "hit_le_2px": 92.0,
      "hit_le_3px": 98.0,
      "hit_le_5px": 100.0,
      "hit_le_10px": 100.0,
      "avg_processing_time_ms": 13.621227741241455
    }
  },
  "comparison": {
    "real_vs_test_mae_diff": 44.48995152890682,
    "real_vs_test_5px_diff": 57.0
  },
  "model_info": {
    "checkpoint": "src\\checkpoints\\1.1.0\\best_model.pth",
    "device": "cuda"
  }
}